Version	Id	Symbol	Flags	Name	Prefix
1	0	AR_NONE	NONE	None	
1	1	AR_IMGARORN	NONE	Imgarorn	
1	2	AR_CARILDRORN	NONE	Carildrorn	
1	3	AR_GLIRUK	NONE	Gliruk	
1	4	AR_SISORN	NONE	Sisorn	
1	5	AR_BERELANE	NONE	Berelane	
1	6	AR_USHATRAK	NONE	Ushatrak	
1	7	AR_TALASHIUM	NONE	Talashium	
1	8	AR_THIRIL	NONE	Thiril	
1	9	AR_ANVORIL	NONE	Anvoril	
1	10	AR_BERORMESH	NONE	Berormesh	
1	11	AR_THIGRIEL	NONE	Thigriel	
1	12	AR_ANVANGRIEL	NONE	Anvangriel	
1	13	AR_MORENAND	NONE	Morenand	
1	14	AR_TALILDREON	NONE	Talildreon	
1	15	AR_GLISEON	NONE	Gliseon	
1	16	AR_THULIM	NONE	Thulim	
1	17	AR_KAHORTHUN	NONE	Kahorthun	
1	18	AR_MORASHANE	NONE	Morashane	
1	19	AR_ULFILDRUK	NONE	Ulfildruk	
1	20	AR_THISUK	NONE	Thisuk	
1	21	AR_VARANGRANE	NONE	Varangrane	
1	22	AR_DOLORTHIUM	NONE	Dolorthium	
1	23	AR_FULESH	NONE	Fulesh	
1	24	AR_SIGRAK	NONE	Sigrak	
1	25	AR_IMIRIEL	NONE	Imiriel	
1	26	AR_BERANGRIA	NONE	Berangria	
1	27	AR_USHELIM	NONE	Ushelim	
1	28	AR_TALENUN	NONE	Talenun	
1	29	AR_OBATRUK	NONE	Obatruk	
1	30	AR_LORORTHAK	NONE	Lororthak	
1	31	AR_IMGORMAD	NONE	Imgormad	
1	32	AR_THULAD	NONE	Thulad	
1	33	AR_LORORMAND	NONE	Lorormand	
1	34	AR_CARORTHIM	NONE	Carorthim	
1	35	AR_MALISANE	NONE	Malisane	
1	36	AR_FILDRAK	NONE	Fildrak	
1	37	AR_IMIRESH	NONE	Imiresh	
1	38	AR_BERIGRIL	NONE	Berigril	
1	39	AR_GLENARG	NONE	Glenarg	
1	40	AR_BERULIEL	NONE	Beruliel	
1	41	AR_ANVIREON	NONE	Anvireon	
1	42	AR_TALORMANE	NONE	Talormane	
1	43	AR_FARORN	NONE	Farorn	
1	44	AR_IMILDRORN	NONE	Imildrorn	
1	45	AR_KAHIGRIUM	NONE	Kahigrium	
1	46	AR_CARORTHAD	NONE	Carorthad	
1	47	AR_MORUDRIM	NONE	Morudrim	
1	48	AR_GLARUK	NONE	Glaruk	
1	49	AR_TALANGRIUM	NONE	Talangrium	
1	50	AR_GLORTHIUM	NONE	Glorthium	
1	51	AR_THARIL	NONE	Tharil	
1	52	AR_IMGIGRIEL	NONE	Imgigriel	
1	53	AR_USHUDRARG	NONE	Ushudrarg	
1	54	AR_TALUDREON	NONE	Taludreon	
1	55	AR_FARAND	NONE	Farand	
1	56	AR_GLORMEON	NONE	Glormeon	
1	57	AR_LORULORN	NONE	Lorulorn	
1	58	AR_MORANGRANE	NONE	Morangrane	
1	59	AR_FORTHANE	NONE	Forthane	
1	60	AR_THORMUK	NONE	Thormuk	
1	61	AR_MORUDRAD	NONE	Morudrad	
1	62	AR_CARINARG	NONE	Carinarg	
1	63	AR_SELARG	NONE	Selarg	
1	64	AR_USHIGRIM	NONE	Ushigrim	
1	65	AR_SORMAND	NONE	Sormand	
1	66	AR_TALIGRORN	NONE	Taligrorn	
1	67	AR_THARANE	NONE	Tharane	
1	68	AR_MALARAK	NONE	Malarak	
1	69	AR_TORANGRARG	NONE	Torangrarg	
1	70	AR_KAHENARG	NONE	Kahenarg	
1	71	AR_LORULAND	NONE	Loruland	
1	72	AR_ULFUDRUN	NONE	Ulfudrun	
1	73	AR_FANGREON	NONE	Fangreon	
1	74	AR_TORUDRANE	NONE	Torudrane	
1	75	AR_MALORMANE	NONE	Malormane	
1	76	AR_OBORESH	NONE	Oboresh	
1	77	AR_IMARESH	NONE	Imaresh	
1	78	AR_BERORTHIL	NONE	Berorthil	
1	79	AR_IMORTHAD	NONE	Imorthad	
1	80	AR_IMGENEON	NONE	Imgeneon	
1	81	AR_TALIGRAND	NONE	Taligrand	
1	82	AR_LORENUK	NONE	Lorenuk	
1	83	AR_TALULANE	NONE	Talulane	
1	84	AR_GLINANE	NONE	Glinane	
1	85	AR_HAGELANE	NONE	Hagelane	
1	86	AR_MALANGRIUM	NONE	Malangrium	
1	87	AR_VARANGRIEL	NONE	Varangriel	
1	88	AR_MORILDRUK	NONE	Morildruk	
1	89	AR_CARATRORN	NONE	Caratrorn	
1	90	AR_IMGARIL	NONE	Imgaril	
1	91	AR_GLIRIUM	NONE	Glirium	
1	92	AR_IMANGRAK	NONE	Imangrak	
1	93	AR_OBULARG	NONE	Obularg	
1	94	AR_THIRIEL	NONE	Thiriel	
1	95	AR_THIGRIM	NONE	Thigrim	
1	96	AR_LORELORN	NONE	Lorelorn	
1	97	AR_ULFATRUK	NONE	Ulfatruk	
1	98	AR_THULUK	NONE	Thuluk	
1	99	AR_KAHANGRORN	NONE	Kahangrorn	
1	100	AR_MORASHESH	NONE	Morashesh	
1	101	AR_CARENAK	NONE	Carenak	
1	102	AR_VARANGRESH	NONE	Varangresh	
1	103	AR_ANVUDRIUM	NONE	Anvudrium	
1	104	AR_TORILDRIEL	NONE	Torildriel	
1	105	AR_VARINAD	NONE	Varinad	
1	106	AR_ZARANGRARG	NONE	Zarangrarg	
1	107	AR_CARATRAND	NONE	Caratrand	
1	108	AR_VARUDRUN	NONE	Varudrun	
1	109	AR_IMGARANE	NONE	Imgarane	
1	110	AR_GANISAK	NONE	Ganisak	
1	111	AR_MALIRARG	NONE	Malirarg	
1	112	AR_MORORTHEON	NONE	Morortheon	
1	113	AR_TORATRANE	NONE	Toratrane	
1	114	AR_THILDRORN	NONE	Thildrorn	
1	115	AR_TORILDRESH	NONE	Torildresh	
1	116	AR_DOLINIEL	NONE	Doliniel	
1	117	AR_OBENAD	NONE	Obenad	
1	118	AR_FILDRARG	NONE	Fildrarg	
1	119	AR_GLENAND	NONE	Glenand	
1	120	AR_OBORMORN	NONE	Obormorn	
1	121	AR_IMATRORN	NONE	Imatrorn	
1	122	AR_THASHAK	NONE	Thashak	
1	123	AR_ANVIGRAK	NONE	Anvigrak	
1	124	AR_CARARAD	NONE	Cararad	
1	125	AR_GLILDRAD	NONE	Glildrad	
1	126	AR_MORINIM	NONE	Morinim	
1	127	AR_FELIM	NONE	Felim	
1	128	AR_THILDRAND	NONE	Thildrand	
1	129	AR_ASORTHANE	NONE	Asorthane	
1	130	AR_ZARASHORN	NONE	Zarashorn	
1	131	AR_IMASHARG	NONE	Imasharg	
1	132	AR_OBORMAND	NONE	Obormand	
1	133	AR_GLELEON	NONE	Gleleon	
1	134	AR_IMGULUK	NONE	Imguluk	
1	135	AR_TORANGRORN	NONE	Torangrorn	
1	136	AR_MALORTHORN	NONE	Malorthorn	
1	137	AR_MORANGRESH	NONE	Morangresh	
1	138	AR_LORISIEL	NONE	Lorisiel	
1	139	AR_CARANGRARG	NONE	Carangrarg	
1	140	AR_SORTHARG	NONE	Sortharg	
1	141	AR_MALORMIEL	NONE	Malormiel	
1	142	AR_OBORIM	NONE	Oborim	
1	143	AR_GANORTHEON	NONE	Ganortheon	
1	144	AR_ZARASHAND	NONE	Zarashand	
1	145	AR_USHIGRUK	NONE	Ushigruk	
1	146	AR_CARUDRANE	NONE	Carudrane	
1	147	AR_GLORORN	NONE	Glororn	
1	148	AR_ASUDRAK	NONE	Asudrak	
1	149	AR_GANORMAK	NONE	Ganormak	
1	150	AR_THORTHAD	NONE	Thorthad	
1	151	AR_MORIREON	NONE	Morireon	
1	152	AR_MALORTHAND	NONE	Malorthand	
1	153	AR_THUDRORN	NONE	Thudrorn	
1	154	AR_ANVORMORN	NONE	Anvormorn	
1	155	AR_ASIRIL	NONE	Asiril	
1	156	AR_GANORIL	NONE	Ganoril	
1	157	AR_VARELAK	NONE	Varelak	
1	158	AR_OBORAD	NONE	Oborad	
1	159	AR_IMGATRARG	NONE	Imgatrarg	
1	160	AR_ANVELARG	NONE	Anvelarg	
1	161	AR_VARANGRIM	NONE	Varangrim	
1	162	AR_ANVORMAND	NONE	Anvormand	
1	163	AR_CARASHORN	NONE	Carashorn	
1	164	AR_SIGRORN	NONE	Sigrorn	
1	165	AR_BERARANE	NONE	Berarane	
1	166	AR_MORILDRIUM	NONE	Morildrium	
1	167	AR_ASIGRESH	NONE	Asigresh	
1	168	AR_IMORAK	NONE	Imorak	
1	169	AR_USHASHARG	NONE	Ushasharg	
1	170	AR_CARILDRIEL	NONE	Carildriel	
1	171	AR_IMGORTHIM	NONE	Imgorthim	
1	172	AR_TALASHEON	NONE	Talasheon	
1	173	AR_THIRIM	NONE	Thirim	
1	174	AR_LORORTHORN	NONE	Lororthorn	
1	175	AR_THIGRUK	NONE	Thigruk	
1	176	AR_HAGUDRAK	NONE	Hagudrak	
1	177	AR_LORORMIEL	NONE	Lorormiel	
1	178	AR_SIRARG	NONE	Sirarg	
1	179	AR_CARASHAND	NONE	Carashand	
1	180	AR_USHORTHUK	NONE	Ushorthuk	
1	181	AR_TALARORN	NONE	Talarorn	
1	182	AR_ZARINANE	NONE	Zarinane	
1	183	AR_TALELIEL	NONE	Taleliel	
1	184	AR_BERUDRARG	NONE	Berudrarg	
1	185	AR_OBILDREON	NONE	Obildreon	
1	186	AR_THIGRUN	NONE	Thigrun	
1	187	AR_IMGUDRORN	NONE	Imgudrorn	
1	188	AR_LORELANE	NONE	Lorelane	
1	189	AR_ULFORMORN	NONE	Ulformorn	
1	190	AR_FENAY	NONE	Fenay	
1	191	AR_CARORTHIUM	NONE	Carorthium	
1	192	AR_FASHAK	NONE	Fashak	
1	193	AR_THILDRIL	NONE	Thildril	
1	194	AR_MORORMARG	NONE	Morormarg	
1	195	AR_TALARAND	NONE	Talarand	
1	196	AR_CARORMEON	NONE	Carormeon	
1	197	AR_ASELIM	NONE	Aselim	
1	198	AR_TALORTHANE	NONE	Talorthane	
1	199	AR_TALORMAD	NONE	Talormad	
1	200	AR_THASHARG	NONE	Thasharg	
1	201	AR_IMILDRIEL	NONE	Imildriel	
1	202	AR_MORANGRIM	NONE	Morangrim	
1	203	AR_ULFORMAND	NONE	Ulformand	
1	204	AR_GLILDRUN	NONE	Glildrun	
1	205	AR_KAHIGREON	NONE	Kahigreon	
1	206	AR_CARANGRORN	NONE	Carangrorn	
1	207	AR_FELUK	NONE	Feluk	
1	208	AR_THILDRANE	NONE	Thildrane	
1	209	AR_ZARENORN	NONE	Zarenorn	
1	210	AR_CARINIL	NONE	Carinil	
1	211	AR_VARATRIUM	NONE	Varatrium	
1	212	AR_OBORTHARG	NONE	Obortharg	
1	213	AR_GLORTHEON	NONE	Glortheon	
1	214	AR_IMASHAND	NONE	Imashand	
1	215	AR_ULFANGRUK	NONE	Ulfangruk	
1	216	AR_OBORMANE	NONE	Obormane	
1	217	AR_GLELAY	NONE	Glelay	
1	218	AR_MALARORN	NONE	Malarorn	
1	219	AR_IMILDRESH	NONE	Imildresh	
1	220	AR_TORINIEL	NONE	Toriniel	
1	221	AR_CARANGRAND	NONE	Carangrand	
1	222	AR_FELUN	NONE	Felun	
1	223	AR_VARORMORN	NONE	Varormorn	
1	224	AR_ASUDRARG	NONE	Asudrarg	
1	225	AR_GANORMARG	NONE	Ganormarg	
1	226	AR_LORIGRANE	NONE	Lorigrane	
1	227	AR_GLUDRUK	NONE	Gludruk	
1	228	AR_ANVELORN	NONE	Anvelorn	
1	229	AR_ULFISIL	NONE	Ulfisil	
1	230	AR_FANGRAK	NONE	Fangrak	
1	231	AR_SORIUM	NONE	Sorium	
1	232	AR_THUDRIL	NONE	Thudril	
1	233	AR_FINARG	NONE	Finarg	
1	234	AR_GANORIEL	NONE	Ganoriel	
1	235	AR_FUDRAND	NONE	Fudrand	
1	236	AR_VARORMAND	NONE	Varormand	
1	237	AR_BERORTHIM	NONE	Berorthim	
1	238	AR_TALIRANE	NONE	Talirane	
1	239	AR_OBIGRORN	NONE	Obigrorn	
1	240	AR_BERELUK	NONE	Bereluk	
1	241	AR_BERORMIUM	NONE	Berormium	
1	242	AR_IMGASHARG	NONE	Imgasharg	
1	243	AR_THANGRARG	NONE	Thangrarg	
1	244	AR_ANVORTHARG	NONE	Anvortharg	
1	245	AR_TORIGREON	NONE	Torigreon	
1	246	AR_FIRIM	NONE	Firim	
1	247	AR_MALANGREON	NONE	Malangreon	
1	248	AR_VARORIM	NONE	Varorim	
1	249	AR_KAHORTHEON	NONE	Kahortheon	
1	250	AR_CARENORN	NONE	Carenorn	
1	251	AR_SIRORN	NONE	Sirorn	
1	252	AR_THUDRANE	NONE	Thudrane	
1	253	AR_ANVORMANE	NONE	Anvormane	
1	254	AR_VARINIUM	NONE	Varinium	
1	255	AR_IMORARG	NONE	Imorarg	
1	256	AR_BERORTHAD	NONE	Berorthad	
1	257	AR_CARILDRIM	NONE	Carildrim	
1	258	AR_GLIREON	NONE	Glireon	
1	259	AR_IMGORTHUK	NONE	Imgorthuk	
1	260	AR_GLIGRAY	NONE	Gligray	
1	261	AR_THIRUK	NONE	Thiruk	
1	262	AR_THIGRIUM	NONE	Thigrium	
1	263	AR_KAHANGRIEL	NONE	Kahangriel	
1	264	AR_THISEON	NONE	Thiseon	
1	265	AR_ANVUDREON	NONE	Anvudreon	
1	266	AR_CARASHANE	NONE	Carashane	
1	267	AR_SIGRANE	NONE	Sigrane	
1	268	AR_KAHUDRUK	NONE	Kahudruk	
1	269	AR_USHORTHIUM	NONE	Ushorthium	
1	270	AR_IMIRIUM	NONE	Imirium	
1	271	AR_ASATRARG	NONE	Asatrarg	
1	272	AR_GLENIEL	NONE	Gleniel	
1	273	AR_GANULARG	NONE	Ganularg	
1	274	AR_BERINARG	NONE	Berinarg	
1	275	AR_TALELIM	NONE	Talelim	
1	276	AR_OBATREON	NONE	Obatreon	
1	277	AR_THIRUN	NONE	Thirun	
1	278	AR_LORORTHANE	NONE	Lororthane	
1	279	AR_GLATRUK	NONE	Glatruk	
1	280	AR_MALIRANE	NONE	Malirane	
1	281	AR_MORORTHAK	NONE	Mororthak	
1	282	AR_KAHANGRESH	NONE	Kahangresh	
1	283	AR_MORELARG	NONE	Morelarg	
1	284	AR_FASHARG	NONE	Fasharg	
1	285	AR_THILDRIEL	NONE	Thildriel	
1	286	AR_KAHUDRUN	NONE	Kahudrun	
1	287	AR_OBELIL	NONE	Obelil	
1	288	AR_GLENESH	NONE	Glenesh	
1	289	AR_ULFORTHARG	NONE	Ulfortharg	
1	290	AR_OBORMIEL	NONE	Obormiel	
1	291	AR_THENARG	NONE	Thenarg	
1	292	AR_MORANGRUK	NONE	Morangruk	
1	293	AR_ULFORMANE	NONE	Ulformane	
1	294	AR_HAGILDRORN	NONE	Hagildrorn	
1	295	AR_ANVULANE	NONE	Anvulane	
1	296	AR_MORINIUM	NONE	Morinium	
1	297	AR_THILDRESH	NONE	Thildresh	
1	298	AR_GLAREON	NONE	Glareon	
1	299	AR_OBELANE	NONE	Obelane	
1	300	AR_GLORTHAY	NONE	Glorthay	
1	301	AR_IMASHANE	NONE	Imashane	
1	302	AR_LORIGRIEL	NONE	Lorigriel	
1	303	AR_TORANGRIEL	NONE	Torangriel	
1	304	AR_GLORMARG	NONE	Glormarg	
1	305	AR_CARORAND	NONE	Carorand	
1	306	AR_FORTHUN	NONE	Forthun	
1	307	AR_CARANGRANE	NONE	Carangrane	
1	308	AR_FINORN	NONE	Finorn	
1	309	AR_GANORTHAK	NONE	Ganorthak	
1	310	AR_GLANGRIM	NONE	Glangrim	
1	311	AR_ULFIGRORN	NONE	Ulfigrorn	
1	312	AR_THANGRORN	NONE	Thangrorn	
1	313	AR_ANVORTHORN	NONE	Anvorthorn	
1	314	AR_THINIL	NONE	Thinil	
1	315	AR_IMGILDRIEL	NONE	Imgildriel	
1	316	AR_MORIGRARG	NONE	Morigrarg	
1	317	AR_FANGRARG	NONE	Fangrarg	
1	318	AR_MALORMUN	NONE	Malormun	
1	319	AR_CARULAY	NONE	Carulay	
1	320	AR_ASIGRUK	NONE	Asigruk	
1	321	AR_SINAY	NONE	Sinay	
1	322	AR_VARORMANE	NONE	Varormane	
1	323	AR_SUDRAK	NONE	Sudrak	
1	324	AR_IMGENARG	NONE	Imgenarg	
1	325	AR_THORARG	NONE	Thorarg	
1	326	AR_THANGRAND	NONE	Thangrand	
1	327	AR_ANVORTHAND	NONE	Anvorthand	
1	328	AR_TALILDRORN	NONE	Talildrorn	
1	329	AR_KAHORTHAY	NONE	Kahorthay	
1	330	AR_LORATRAK	NONE	Loratrak	
1	331	AR_MALUDRARG	NONE	Maludrarg	
1	332	AR_IMGORTHIUM	NONE	Imgorthium	
1	333	AR_TALASHAK	NONE	Talashak	
1	334	AR_THIRIUM	NONE	Thirium	
1	335	AR_BERUDRIL	NONE	Berudril	
1	336	AR_LORORTHIEL	NONE	Lororthiel	
1	337	AR_HAGINARG	NONE	Haginarg	
1	338	AR_FIRUN	NONE	Firun	
1	339	AR_THULEON	NONE	Thuleon	
1	340	AR_VARIGRORN	NONE	Varigrorn	
1	341	AR_MORORMIL	NONE	Morormil	
1	342	AR_KAHUDRIUM	NONE	Kahudrium	
1	343	AR_BERANGRARG	NONE	Berangrarg	
1	344	AR_TALORTHIM	NONE	Talorthim	
1	345	AR_GLENIM	NONE	Glenim	
1	346	AR_THENORN	NONE	Thenorn	
1	347	AR_TALORMIUM	NONE	Talormium	
1	348	AR_THASHIL	NONE	Thashil	
1	349	AR_MORORTHARG	NONE	Morortharg	
1	350	AR_FENARG	NONE	Fenarg	
1	351	AR_DOLORIM	NONE	Dolorim	
1	352	AR_LORORMUN	NONE	Lorormun	
1	353	AR_OBARORN	NONE	Obarorn	
1	354	AR_VARULANE	NONE	Varulane	
1	355	AR_IMGORARG	NONE	Imgorarg	
1	356	AR_OBORMIM	NONE	Obormim	
1	357	AR_IMGINANE	NONE	Imginane	
1	358	AR_TORORTHAY	NONE	Tororthay	
1	359	AR_GLORMORN	NONE	Glormorn	
1	360	AR_TORELAK	NONE	Torelak	
1	361	AR_THATRESH	NONE	Thatresh	
1	362	AR_VARENIUM	NONE	Varenium	
1	363	AR_CARANGRIEL	NONE	Carangriel	
1	364	AR_TORORMARG	NONE	Torormarg	
1	365	AR_USHANGRANE	NONE	Ushangrane	
1	366	AR_OBORMAD	NONE	Obormad	
1	367	AR_TORANGRIM	NONE	Torangrim	
1	368	AR_THELEON	NONE	Theleon	
1	369	AR_MALORTHIM	NONE	Malorthim	
1	370	AR_FANGRORN	NONE	Fangrorn	
1	371	AR_SARANE	NONE	Sarane	
1	372	AR_VARORTHORN	NONE	Varorthorn	
1	373	AR_CARANGRESH	NONE	Carangresh	
1	374	AR_TORUDRIUM	NONE	Torudrium	
1	375	AR_GANARAK	NONE	Ganarak	
1	376	AR_ANVILDRAK	NONE	Anvildrak	
1	377	AR_KAHATRIUM	NONE	Kahatrium	
1	378	AR_BERENARG	NONE	Berenarg	
1	379	AR_CARUDRUN	NONE	Carudrun	
1	380	AR_IMORTHEON	NONE	Imortheon	
1	381	AR_IMGENORN	NONE	Imgenorn	
1	382	AR_ASUDRANE	NONE	Asudrane	
1	383	AR_ANVARORN	NONE	Anvarorn	
1	384	AR_THANGRIL	NONE	Thangril	
1	385	AR_MALORTHAD	NONE	Malorthad	
1	386	AR_MORULANE	NONE	Morulane	
1	387	AR_FINANE	NONE	Finane	
1	388	AR_SINAK	NONE	Sinak	
1	389	AR_IMORIL	NONE	Imoril	
1	390	AR_ASHARIL	NONE	Asharil	
1	391	AR_ZARORMARG	NONE	Zarormarg	
1	392	AR_IMGASHANE	NONE	Imgashane	
1	393	AR_HAGINORN	NONE	Haginorn	
1	394	AR_ULFULESH	NONE	Ulfulesh	
1	395	AR_FIRIUM	NONE	Firium	
1	396	AR_MALANGRAK	NONE	Malangrak	
1	397	AR_HAGUDRIL	NONE	Hagudril	
1	398	AR_KAHORTHAK	NONE	Kahorthak	
1	399	AR_MALINARG	NONE	Malinarg	
1	400	AR_KAHORMAND	NONE	Kahormand	
1	401	AR_FISAY	NONE	Fisay	
1	402	AR_THINUK	NONE	Thinuk	
1	403	AR_MALANGRORN	NONE	Malangrorn	
1	404	AR_KAHORTHORN	NONE	Kahorthorn	
1	405	AR_FANGRESH	NONE	Fangresh	
1	406	AR_SORAK	NONE	Sorak	
1	407	AR_LORILDRIEL	NONE	Lorildriel	
1	408	AR_ZARORTHARG	NONE	Zarortharg	
1	409	AR_SINAND	NONE	Sinand	
1	410	AR_IMANGRUK	NONE	Imangruk	
1	411	AR_GLIGRIL	NONE	Gligril	
1	412	AR_ANVARESH	NONE	Anvaresh	
1	413	AR_TORIRARG	NONE	Torirarg	
1	414	AR_THANGRAD	NONE	Thangrad	
1	415	AR_LORASHAND	NONE	Lorashand	
1	416	AR_KAHORTHAND	NONE	Kahorthand	
1	417	AR_CARENUK	NONE	Carenuk	
1	418	AR_TORULANE	NONE	Torulane	
1	419	AR_SIRUK	NONE	Siruk	
1	420	AR_THISORN	NONE	Thisorn	
1	421	AR_MALINANE	NONE	Malinane	
1	422	AR_MORATRAK	NONE	Moratrak	
1	423	AR_FULAK	NONE	Fulak	
1	424	AR_MORILDRARG	NONE	Morildrarg	
1	425	AR_ASASHIEL	NONE	Asashiel	
1	426	AR_IMORAD	NONE	Imorad	
1	427	AR_IMGAREON	NONE	Imgareon	
1	428	AR_IMULORN	NONE	Imulorn	
1	429	AR_THIGRAK	NONE	Thigrak	
1	430	AR_MALIRIUM	NONE	Malirium	
1	431	AR_IMGORMARG	NONE	Imgormarg	
1	432	AR_MORORTHIEL	NONE	Mororthiel	
1	433	AR_THULARG	NONE	Thularg	
1	434	AR_MORELIM	NONE	Morelim	
1	435	AR_MORORMUK	NONE	Morormuk	
1	436	AR_CARELORN	NONE	Carelorn	
1	437	AR_USHORTHAK	NONE	Ushorthak	
1	438	AR_IMIRAK	NONE	Imirak	
1	439	AR_IMGORIEL	NONE	Imgoriel	
1	440	AR_LORANGRORN	NONE	Lorangrorn	
1	441	AR_TORORTHORN	NONE	Tororthorn	
1	442	AR_THASHUK	NONE	Thashuk	
1	443	AR_MORORTHESH	NONE	Mororthesh	
1	444	AR_CARARAK	NONE	Cararak	
1	445	AR_HAGISAK	NONE	Hagisak	
1	446	AR_TORORMIEL	NONE	Torormiel	
1	447	AR_SENARG	NONE	Senarg	
1	448	AR_MORORMUN	NONE	Morormun	
1	449	AR_FATRUN	NONE	Fatrun	
1	450	AR_MALILDRIM	NONE	Malildrim	
1	451	AR_CARORMANE	NONE	Carormane	
1	452	AR_ASELAY	NONE	Aselay	
1	453	AR_VARILDRORN	NONE	Varildrorn	
1	454	AR_THENAD	NONE	Thenad	
1	455	AR_BERISARG	NONE	Berisarg	
1	456	AR_TORORTHAND	NONE	Tororthand	
1	457	AR_FAREON	NONE	Fareon	
1	458	AR_THASHUN	NONE	Thashun	
1	459	AR_KAHIRAND	NONE	Kahirand	
1	460	AR_LORINANE	NONE	Lorinane	
1	461	AR_THORMORN	NONE	Thormorn	
1	462	AR_FELAK	NONE	Felak	
1	463	AR_VARASHAK	NONE	Varashak	
1	464	AR_OBARAD	NONE	Obarad	
1	465	AR_VARATRARG	NONE	Varatrarg	
1	466	AR_BERENIEL	NONE	Bereniel	
1	467	AR_TALORAND	NONE	Talorand	
1	468	AR_CARUDREON	NONE	Carudreon	
1	469	AR_SORMEON	NONE	Sormeon	
1	470	AR_TALANGRANE	NONE	Talangrane	
1	471	AR_GLORTHANE	NONE	Glorthane	
1	472	AR_IMELORN	NONE	Imelorn	
1	473	AR_ULFANGRAK	NONE	Ulfangrak	
1	474	AR_THORTHAK	NONE	Thorthak	
1	475	AR_FORIEL	NONE	Foriel	
1	476	AR_THELARG	NONE	Thelarg	
1	477	AR_MALORTHIA	NONE	Malorthia	
1	478	AR_MORIGRIM	NONE	Morigrim	
1	479	AR_FANGRIM	NONE	Fangrim	
1	480	AR_THORMAND	NONE	Thormand	
1	481	AR_CARIGRORN	NONE	Carigrorn	
1	482	AR_FINUK	NONE	Finuk	
1	483	AR_SINIL	NONE	Sinil	
1	484	AR_BERENESH	NONE	Berenesh	
1	485	AR_KAHILDRAK	NONE	Kahildrak	
1	486	AR_OBANGRARG	NONE	Obangrarg	
1	487	AR_IMORTHARG	NONE	Imortharg	
1	488	AR_THORIM	NONE	Thorim	
1	489	AR_THINIUM	NONE	Thinium	
1	490	AR_TORULIEL	NONE	Toruliel	
1	491	AR_USHENUK	NONE	Ushenuk	
1	492	AR_MORILDRORN	NONE	Morildrorn	
1	493	AR_TALENIL	NONE	Talenil	
1	494	AR_SUDRESH	NONE	Sudresh	
1	495	AR_BERELAK	NONE	Berelak	
1	496	AR_BERORMARG	NONE	Berormarg	
1	497	AR_TORIRAND	NONE	Torirand	
1	498	AR_THANGRUN	NONE	Thangrun	
1	499	AR_ANVORTHUN	NONE	Anvorthun	
1	500	AR_KAHARAND	NONE	Kaharand	
1	501	AR_FIRAY	NONE	Firay	
1	502	AR_GLISUK	NONE	Glisuk	
1	503	AR_CARENIUM	NONE	Carenium	
1	504	AR_SIRIUM	NONE	Sirium	
1	505	AR_ANVUDRIL	NONE	Anvudril	
1	506	AR_KAHORMAD	NONE	Kahormad	
1	507	AR_CARATREON	NONE	Caratreon	
1	508	AR_IMIGRORN	NONE	Imigrorn	
1	509	AR_THIRAK	NONE	Thirak	
1	510	AR_IMGORMAND	NONE	Imgormand	
1	511	AR_MORORTHIM	NONE	Mororthim	
1	512	AR_FENIM	NONE	Fenim	
1	513	AR_MALIGREON	NONE	Maligreon	
1	514	AR_DOLARANE	NONE	Dolarane	
1	515	AR_CARORTHORN	NONE	Carorthorn	
1	516	AR_SENORN	NONE	Senorn	
1	517	AR_THISANE	NONE	Thisane	
1	518	AR_ANVUDRANE	NONE	Anvudrane	
1	519	AR_GANIRESH	NONE	Ganiresh	
1	520	AR_MALISAK	NONE	Malisak	
1	521	AR_VARULIUM	NONE	Varulium	
1	522	AR_KAHUDRAK	NONE	Kahudrak	
1	523	AR_USHORTHARG	NONE	Ushortharg	
1	524	AR_TALORTHEON	NONE	Talortheon	
1	525	AR_SILDRIM	NONE	Sildrim	
1	526	AR_LORINIEL	NONE	Loriniel	
1	527	AR_CARORTHAND	NONE	Carorthand	
1	528	AR_SENAND	NONE	Senand	
1	529	AR_THILDREON	NONE	Thildreon	
1	530	AR_CARELANE	NONE	Carelane	
1	531	AR_FORMORN	NONE	Formorn	
1	532	AR_VARATRORN	NONE	Varatrorn	
1	533	AR_OBORTHIUM	NONE	Oborthium	
1	534	AR_IMGORAD	NONE	Imgorad	
1	535	AR_TALANGRIEL	NONE	Talangriel	
1	536	AR_TORARAND	NONE	Torarand	
1	537	AR_IMATREON	NONE	Imatreon	
1	538	AR_TORORTHANE	NONE	Tororthane	
1	539	AR_GANIGRORN	NONE	Ganigrorn	
1	540	AR_BERANGRORN	NONE	Berangrorn	
1	541	AR_LORORTHIM	NONE	Lororthim	
1	542	AR_MORORTHORN	NONE	Mororthorn	
1	543	AR_FENORN	NONE	Fenorn	
1	544	AR_THULAY	NONE	Thulay	
1	545	AR_KAHINIUM	NONE	Kahinium	
1	546	AR_DOLORTHARG	NONE	Dolortharg	
1	547	AR_VARULIEL	NONE	Varuliel	
1	548	AR_FILDRIM	NONE	Fildrim	
1	549	AR_TALORTHUK	NONE	Talorthuk	
1	550	AR_ASATRANE	NONE	Asatrane	
1	551	AR_SILDRORN	NONE	Sildrorn	
1	552	AR_GANULANE	NONE	Ganulane	
1	553	AR_ANVIRIL	NONE	Anviril	
1	554	AR_ANVIGRIEL	NONE	Anvigriel	
1	555	AR_MORORTHAND	NONE	Mororthand	
1	556	AR_GLILDREON	NONE	Glildreon	
1	557	AR_MORELANE	NONE	Morelane	
1	558	AR_CARORTHAY	NONE	Carorthay	
1	559	AR_FASHANE	NONE	Fashane	
1	560	AR_THILDRUK	NONE	Thildruk	
1	561	AR_KAHULORN	NONE	Kahulorn	
1	562	AR_CARELAK	NONE	Carelak	
1	563	AR_ZARIGRAK	NONE	Zarigrak	
1	564	AR_CARORMARG	NONE	Carormarg	
1	565	AR_DOLUDREON	NONE	Doludreon	
1	566	AR_USHUDRUK	NONE	Ushudruk	
1	567	AR_TALINORN	NONE	Talinorn	
1	568	AR_GLELORN	NONE	Glelorn	
1	569	AR_THENANE	NONE	Thenane	
1	570	AR_FARIUM	NONE	Farium	
1	571	AR_IMILDRIUM	NONE	Imildrium	
1	572	AR_CARUDRIUM	NONE	Carudrium	
1	573	AR_OBORTHESH	NONE	Oborthesh	
1	574	AR_TALANGRARG	NONE	Talangrarg	
1	575	AR_GLORTHARG	NONE	Glortharg	
1	576	AR_BERATRIEL	NONE	Beratriel	
1	577	AR_THORTHEON	NONE	Thortheon	
1	578	AR_MALARIM	NONE	Malarim	
1	579	AR_LORIGRUK	NONE	Lorigruk	
1	580	AR_TALUDRANE	NONE	Taludrane	
1	581	AR_GLORMANE	NONE	Glormane	
1	582	AR_THELAY	NONE	Thelay	
1	583	AR_MALORTHUK	NONE	Malorthuk	
1	584	AR_ANVASHAY	NONE	Anvashay	
1	585	AR_MORULIEL	NONE	Moruliel	
1	586	AR_FINIEL	NONE	Finiel	
1	587	AR_ZARENAD	NONE	Zarenad	
1	588	AR_ANVILDRARG	NONE	Anvildrarg	
1	589	AR_GLORUK	NONE	Gloruk	
1	590	AR_GANELANE	NONE	Ganelane	
1	591	AR_IMORTHAY	NONE	Imorthay	
1	592	AR_THORIL	NONE	Thoril	
1	593	AR_ANVARIL	NONE	Anvaril	
1	594	AR_THANGRIEL	NONE	Thangriel	
1	595	AR_FORAND	NONE	Forand	
1	596	AR_GLUDREON	NONE	Gludreon	
1	597	AR_MORIGRANE	NONE	Morigrane	
1	598	AR_TORULORN	NONE	Torulorn	
1	599	AR_VARORTHANE	NONE	Varorthane	
1	600	AR_ZARORMAND	NONE	Zarormand	
1	601	AR_TALASHORN	NONE	Talashorn	
1	602	AR_GLIGRORN	NONE	Gligrorn	
1	603	AR_THORANE	NONE	Thorane	
1	604	AR_IMINUK	NONE	Iminuk	
1	605	AR_TORIGRARG	NONE	Torigrarg	
1	606	AR_GLISIEL	NONE	Glisiel	
1	607	AR_THINAD	NONE	Thinad	
1	608	AR_MALANGRARG	NONE	Malangrarg	
1	609	AR_KAHORTHARG	NONE	Kahortharg	
1	610	AR_IMGILDRUN	NONE	Imgildrun	
1	611	AR_CARENIM	NONE	Carenim	
1	612	AR_THUDRUN	NONE	Thudrun	
1	613	AR_LORILDRANE	NONE	Lorildrane	
1	614	AR_MORATRAY	NONE	Moratray	
1	615	AR_SIGRUK	NONE	Sigruk	
1	616	AR_MALUDRANE	NONE	Maludrane	
1	617	AR_KAHORMANE	NONE	Kahormane	
1	618	AR_LORORTHUK	NONE	Lororthuk	
1	619	AR_TALATRANE	NONE	Talatrane	
1	620	AR_TORENUK	NONE	Torenuk	
1	621	AR_OBILDRORN	NONE	Obildrorn	
1	622	AR_ANVANGRAY	NONE	Anvangray	
1	623	AR_IMGORMAK	NONE	Imgormak	
1	624	AR_THISARG	NONE	Thisarg	
1	625	AR_TORILDREON	NONE	Torildreon	
1	626	AR_TALARUK	NONE	Talaruk	
1	627	AR_CARORMORN	NONE	Carormorn	
1	628	AR_BERANGRANE	NONE	Berangrane	
1	629	AR_USHELAK	NONE	Ushelak	
1	630	AR_TALORTHIUM	NONE	Talorthium	
1	631	AR_ASILDRAD	NONE	Asildrad	
1	632	AR_MORARAND	NONE	Morarand	
1	633	AR_LORINORN	NONE	Lorinorn	
1	634	AR_MORORTHANE	NONE	Mororthane	
1	635	AR_TORELORN	NONE	Torelorn	
1	636	AR_THATRUK	NONE	Thatruk	
1	637	AR_CARORTHAK	NONE	Carorthak	
1	638	AR_CARELARG	NONE	Carelarg	
1	639	AR_USHANGRIM	NONE	Ushangrim	
1	640	AR_CARORMAND	NONE	Carormand	
1	641	AR_IMGORANE	NONE	Imgorane	
1	642	AR_GLORTHORN	NONE	Glorthorn	
1	643	AR_TORARAK	NONE	Torarak	
1	644	AR_THENESH	NONE	Thenesh	
1	645	AR_LORANGRARG	NONE	Lorangrarg	
1	646	AR_MALENARG	NONE	Malenarg	
1	647	AR_MORANGREON	NONE	Morangreon	
1	648	AR_SARIM	NONE	Sarim	
1	649	AR_CARANGRUK	NONE	Carangruk	
1	650	AR_TORORMANE	NONE	Torormane	
1	651	AR_ANVILDRORN	NONE	Anvildrorn	
1	652	AR_KAHULANE	NONE	Kahulane	
1	653	AR_GLARARG	NONE	Glararg	
1	654	AR_GLORTHAND	NONE	Glorthand	
1	655	AR_THAREON	NONE	Thareon	
1	656	AR_TALINANE	NONE	Talinane	
1	657	AR_IMORMORN	NONE	Imormorn	
1	658	AR_GLORMESH	NONE	Glormesh	
1	659	AR_THELAK	NONE	Thelak	
1	660	AR_VARELIM	NONE	Varelim	
1	661	AR_CARULORN	NONE	Carulorn	
1	662	AR_FUDRUK	NONE	Fudruk	
1	663	AR_SINORN	NONE	Sinorn	
1	664	AR_VARORMUK	NONE	Varormuk	
1	665	AR_ZARELORN	NONE	Zarelorn	
1	666	AR_BERENANE	NONE	Berenane	
1	667	AR_TALIRIUM	NONE	Talirium	
1	668	AR_OBANGRAK	NONE	Obangrak	
1	669	AR_IMORTHAK	NONE	Imorthak	
1	670	AR_OBINARG	NONE	Obinarg	
1	671	AR_THORIEL	NONE	Thoriel	
1	672	AR_THANGRIM	NONE	Thangrim	
1	673	AR_FORANE	NONE	Forane	
1	674	AR_FARAY	NONE	Faray	
1	675	AR_GLORMUK	NONE	Glormuk	
1	676	AR_THELORN	NONE	Thelorn	
1	677	AR_SARIUM	NONE	Sarium	
1	678	AR_VARENAK	NONE	Varenak	
1	679	AR_MORINARG	NONE	Morinarg	
1	680	AR_TORORMAD	NONE	Torormad	
1	681	AR_VARATRAND	NONE	Varatrand	
1	682	AR_TALORANE	NONE	Talorane	
1	683	AR_GLARANE	NONE	Glarane	
1	684	AR_IMORTHORN	NONE	Imorthorn	
1	685	AR_VARILDRANE	NONE	Varildrane	
1	686	AR_THARAK	NONE	Tharak	
1	687	AR_MALORTHEON	NONE	Malortheon	
1	688	AR_MORIGRUK	NONE	Morigruk	
1	689	AR_FANGRUK	NONE	Fangruk	
1	690	AR_THORMANE	NONE	Thormane	
1	691	AR_VARELIUM	NONE	Varelium	
1	692	AR_SINIEL	NONE	Siniel	
1	693	AR_BERENAD	NONE	Berenad	
1	694	AR_CARISIM	NONE	Carisim	
1	695	AR_GLOREON	NONE	Gloreon	
1	696	AR_IMORTHAND	NONE	Imorthand	
1	697	AR_GLANGRAY	NONE	Glangray	
1	698	AR_THORUK	NONE	Thoruk	
1	699	AR_IMELANE	NONE	Imelane	
1	700	AR_BERORMORN	NONE	Berormorn	
1	701	AR_ANVORTHIUM	NONE	Anvorthium	
1	702	AR_MALANGRIEL	NONE	Malangriel	
1	703	AR_SORAND	NONE	Sorand	
1	704	AR_VARORTHUN	NONE	Varorthun	
1	705	AR_ANVORMEON	NONE	Anvormeon	
1	706	AR_CARIGRANE	NONE	Carigrane	
1	707	AR_FULORN	NONE	Fulorn	
1	708	AR_ZARORTHANE	NONE	Zarorthane	
1	709	AR_IMORIUM	NONE	Imorium	
1	710	AR_TALASHIM	NONE	Talashim	
1	711	AR_BERORMAND	NONE	Berormand	
1	712	AR_LORENANE	NONE	Lorenane	
1	713	AR_THIGRORN	NONE	Thigrorn	
1	714	AR_ANVANGRORN	NONE	Anvangrorn	
1	715	AR_KAHARANE	NONE	Kaharane	
1	716	AR_MORENAK	NONE	Morenak	
1	717	AR_FIRAK	NONE	Firak	
1	718	AR_THULIL	NONE	Thulil	
1	719	AR_MALANGRESH	NONE	Malangresh	
1	720	AR_MORASHARG	NONE	Morasharg	
1	721	AR_CARENIA	NONE	Carenia	
1	722	AR_THISIEL	NONE	Thisiel	
1	723	AR_VARANGRARG	NONE	Varangrarg	
1	724	AR_TORISUN	NONE	Torisun	
1	725	AR_KAHORMUN	NONE	Kahormun	
1	726	AR_USHORTHORN	NONE	Ushorthorn	
1	727	AR_MORILDRANE	NONE	Morildrane	
1	728	AR_FISANE	NONE	Fisane	
1	729	AR_VARUDRANE	NONE	Varudrane	
1	730	AR_ANVORARG	NONE	Anvorarg	
1	731	AR_LORORTHEON	NONE	Lorortheon	
1	732	AR_THIGRAND	NONE	Thigrand	
1	733	AR_IMGORMANE	NONE	Imgormane	
1	734	AR_LORELAY	NONE	Lorelay	
1	735	AR_CARARORN	NONE	Cararorn	
1	736	AR_TORASHAY	NONE	Torashay	
1	737	AR_GLILDRORN	NONE	Glildrorn	
1	738	AR_ANVINANE	NONE	Anvinane	
1	739	AR_VARIGRIUM	NONE	Varigrium	
1	740	AR_KAHUDRARG	NONE	Kahudrarg	
1	741	AR_TALAREON	NONE	Talareon	
1	742	AR_IMIRAND	NONE	Imirand	
1	743	AR_USHELANE	NONE	Ushelane	
1	744	AR_TALORTHAY	NONE	Talorthay	
1	745	AR_GLENAY	NONE	Glenay	
1	746	AR_ANVIRIUM	NONE	Anvirium	
1	747	AR_LORANGRIEL	NONE	Lorangriel	
1	748	AR_KAHIRIEL	NONE	Kahiriel	
1	749	AR_LORINIM	NONE	Lorinim	
1	750	AR_TORELIM	NONE	Torelim	
1	751	AR_FENUN	NONE	Fenun	
1	752	AR_ANVULEON	NONE	Anvuleon	
1	753	AR_MORINORN	NONE	Morinorn	
1	754	AR_CARORTHANE	NONE	Carorthane	
1	755	AR_TORORMUK	NONE	Torormuk	
1	756	AR_FELORN	NONE	Felorn	
1	757	AR_ANVISAY	NONE	Anvisay	
1	758	AR_MALILDRIUM	NONE	Malildrium	
1	759	AR_TALORIEL	NONE	Taloriel	
1	760	AR_GLARIEL	NONE	Glariel	
1	761	AR_GLORTHIM	NONE	Glorthim	
1	762	AR_THORTHORN	NONE	Thorthorn	
1	763	AR_TORORTHESH	NONE	Tororthesh	
1	764	AR_FARAK	NONE	Farak	
1	765	AR_IMILDRAK	NONE	Imildrak	
1	766	AR_THORMIEL	NONE	Thormiel	
1	767	AR_FELAND	NONE	Feland	
1	768	AR_MORUDRANE	NONE	Morudrane	
1	769	AR_CARINAY	NONE	Carinay	
1	770	AR_FORMANE	NONE	Formane	
1	771	AR_SELAY	NONE	Selay	
1	772	AR_KAHILDRORN	NONE	Kahildrorn	
1	773	AR_TALORESH	NONE	Taloresh	
1	774	AR_CARUDRAK	NONE	Carudrak	
1	775	AR_IMORTHIL	NONE	Imorthil	
1	776	AR_GLORTHAD	NONE	Glorthad	
1	777	AR_THORTHAND	NONE	Thorthand	
1	778	AR_BERILDREON	NONE	Berildreon	
1	779	AR_THELANE	NONE	Thelane	
1	780	AR_TORINAK	NONE	Torinak	
1	781	AR_THORMESH	NONE	Thormesh	
1	782	AR_ANVILDRAD	NONE	Anvildrad	
1	783	AR_SINIM	NONE	Sinim	
1	784	AR_IMARAND	NONE	Imarand	
1	785	AR_KAHILDRAND	NONE	Kahildrand	
1	786	AR_TALIRAY	NONE	Taliray	
1	787	AR_ASULORN	NONE	Asulorn	
1	788	AR_IMORTHANE	NONE	Imorthane	
1	789	AR_BERELORN	NONE	Berelorn	
1	790	AR_GLANGRAK	NONE	Glangrak	
1	791	AR_IMELESH	NONE	Imelesh	
1	792	AR_FORUN	NONE	Forun	
1	793	AR_GLUDRAND	NONE	Gludrand	
1	794	AR_THINEON	NONE	Thineon	
1	795	AR_MALANGRIM	NONE	Malangrim	
1	796	AR_MORASHORN	NONE	Morashorn	
1	797	AR_TORULUK	NONE	Toruluk	
1	798	AR_FIGRORN	NONE	Figrorn	
1	799	AR_SORANE	NONE	Sorane	
1	800	AR_LORILDRIUM	NONE	Lorildrium	
1	801	AR_MALUDRIUM	NONE	Maludrium	
1	802	AR_ZARORTHESH	NONE	Zarorthesh	
1	803	AR_DOLASHARG	NONE	Dolasharg	
1	804	AR_MORILDRIEL	NONE	Morildriel	
1	805	AR_VARUDRIEL	NONE	Varudriel	
1	806	AR_DOLATRAND	NONE	Dolatrand	
1	807	AR_TALENIM	NONE	Talenim	
1	808	AR_GLIRIM	NONE	Glirim	
1	809	AR_BERELAND	NONE	Bereland	
1	810	AR_IMGORTHORN	NONE	Imgorthorn	
1	811	AR_TALASHUK	NONE	Talashuk	
1	812	AR_GLIGRUK	NONE	Gligruk	
1	813	AR_THIRORN	NONE	Thirorn	
1	814	AR_IMINAY	NONE	Iminay	
1	815	AR_ANVORORN	NONE	Anvororn	
1	816	AR_BERORMANE	NONE	Berormane	
1	817	AR_IMGELIL	NONE	Imgelil	
1	818	AR_IMGORMIEL	NONE	Imgormiel	
1	819	AR_FIRARG	NONE	Firarg	
1	820	AR_GLISIA	NONE	Glisia	
1	821	AR_ANVINIEL	NONE	Anviniel	
1	822	AR_CARENEON	NONE	Careneon	
1	823	AR_TORULUN	NONE	Torulun	
1	824	AR_SIREON	NONE	Sireon	
1	825	AR_THISIM	NONE	Thisim	
1	826	AR_VARANGRAND	NONE	Varangrand	
1	827	AR_VARINANE	NONE	Varinane	
1	828	AR_KAHUDRORN	NONE	Kahudrorn	
1	829	AR_CARILDRARG	NONE	Carildrarg	
1	830	AR_IMGORTHAND	NONE	Imgorthand	
1	831	AR_THIRAND	NONE	Thirand	
1	832	AR_ANVORAND	NONE	Anvorand	
1	833	AR_IMGELANE	NONE	Imgelane	
1	834	AR_LORORTHAY	NONE	Lororthay	
1	835	AR_TALORMORN	NONE	Talormorn	
1	836	AR_TORENAY	NONE	Torenay	
1	837	AR_THIGRANE	NONE	Thigrane	
1	838	AR_ANVANGRANE	NONE	Anvangrane	
1	839	AR_LORELAK	NONE	Lorelak	
1	840	AR_MORORTHIUM	NONE	Mororthium	
1	841	AR_THULESH	NONE	Thulesh	
1	842	AR_KAHANGRAK	NONE	Kahangrak	
1	843	AR_CARORTHIEL	NONE	Carorthiel	
1	844	AR_SENIEL	NONE	Seniel	
1	845	AR_VARULEON	NONE	Varuleon	
1	846	AR_KAHUDRAND	NONE	Kahudrand	
1	847	AR_CARORMUK	NONE	Carormuk	
1	848	AR_ASELORN	NONE	Aselorn	
1	849	AR_LORORIEL	NONE	Lororiel	
1	850	AR_IMULAD	NONE	Imulad	
1	851	AR_BERISIEL	NONE	Berisiel	
1	852	AR_IMGINEON	NONE	Imgineon	
1	853	AR_LORANGRIM	NONE	Lorangrim	
1	854	AR_TALORMAND	NONE	Talormand	
1	855	AR_ANVIGREON	NONE	Anvigreon	
1	856	AR_KAHIRIM	NONE	Kahirim	
1	857	AR_MORANGRORN	NONE	Morangrorn	
1	858	AR_VARENORN	NONE	Varenorn	
1	859	AR_ANVULAY	NONE	Anvulay	
1	860	AR_MORINIL	NONE	Morinil	
1	861	AR_FELIL	NONE	Felil	
1	862	AR_THILDRAK	NONE	Thildrak	
1	863	AR_ANVISAK	NONE	Anvisak	
1	864	AR_KAHULIUM	NONE	Kahulium	
1	865	AR_OBARIA	NONE	Obaria	
1	866	AR_FORMIEL	NONE	Formiel	
1	867	AR_SASHAD	NONE	Sashad	
1	868	AR_USHANGREON	NONE	Ushangreon	
1	869	AR_TALORIM	NONE	Talorim	
1	870	AR_GLORTHUK	NONE	Glorthuk	
1	871	AR_THARORN	NONE	Tharorn	
1	872	AR_FARARG	NONE	Fararg	
1	873	AR_THELIEL	NONE	Theliel	
1	874	AR_IMILDRARG	NONE	Imildrarg	
1	875	AR_CAROREON	NONE	Caroreon	
1	876	AR_SAREON	NONE	Sareon	
1	877	AR_VARENAND	NONE	Varenand	
1	878	AR_CARANGRAY	NONE	Carangray	
1	879	AR_FELANE	NONE	Felane	
1	880	AR_SORTHAY	NONE	Sorthay	
1	881	AR_MALORMORN	NONE	Malormorn	
1	882	AR_VARASHANE	NONE	Varashane	
1	883	AR_CARINAK	NONE	Carinak	
1	884	AR_SELAK	NONE	Selak	
1	885	AR_IMARIL	NONE	Imaril	
1	886	AR_BERENIUM	NONE	Berenium	
1	887	AR_CARUDRARG	NONE	Carudrarg	
1	888	AR_SORMARG	NONE	Sormarg	
1	889	AR_IMORTHIEL	NONE	Imorthiel	
1	890	AR_IMGIRAND	NONE	Imgirand	
1	891	AR_GLORTHUN	NONE	Glorthun	
1	892	AR_THARAND	NONE	Tharand	
1	893	AR_GLINORN	NONE	Glinorn	
1	894	AR_THORTHANE	NONE	Thorthane	
1	895	AR_ANVENANE	NONE	Anvenane	
1	896	AR_THELESH	NONE	Thelesh	
1	897	AR_TORINARG	NONE	Torinarg	
1	898	AR_THORMAD	NONE	Thormad	
1	899	AR_LORISAND	NONE	Lorisand	
1	900	AR_FINEON	NONE	Fineon	
1	901	AR_MALORMAND	NONE	Malormand	
1	902	AR_ZARORTHIM	NONE	Zarorthim	
1	903	AR_IMARANE	NONE	Imarane	
1	904	AR_BERORTHORN	NONE	Berorthorn	
1	905	AR_KAHILDRANE	NONE	Kahildrane	
1	906	AR_GLORAK	NONE	Glorak	
1	907	AR_IMORTHESH	NONE	Imorthesh	
1	908	AR_THANGREON	NONE	Thangreon	
1	909	AR_ANVORTHEON	NONE	Anvortheon	
1	910	AR_KAHARIM	NONE	Kaharim	
1	911	AR_LORASHUK	NONE	Lorashuk	
1	912	AR_MORENORN	NONE	Morenorn	
1	913	AR_FIRORN	NONE	Firorn	
1	914	AR_KAHORTHUK	NONE	Kahorthuk	
1	915	AR_THUDRAK	NONE	Thudrak	
1	916	AR_VARINIEL	NONE	Variniel	
1	917	AR_MORILDRIM	NONE	Morildrim	
1	918	AR_OBIREON	NONE	Obireon	
